MRS,SRS,TCS,TRP,ARC,SWD
MRS-001,SRS-049,TCS-090,TRP-093,,
MRS-001,SRS-053,,,,
MRS-001,,,,ARC-003,SWD-001
MRS-001,,,,ARC-003,SWD-002
MRS-001,,,,ARC-003,SWD-003
MRS-001,,,,ARC-003,SWD-004
MRS-001,,,,ARC-003,SWD-005
MRS-001,,,,ARC-003,SWD-006
MRS-001,,,,ARC-003,SWD-007
MRS-001,,,,ARC-003,SWD-008
MRS-001,,,,ARC-003,SWD-009
MRS-001,,,,ARC-003,SWD-010
MRS-001,,,,ARC-003,SWD-011
MRS-001,,,,ARC-003,SWD-012
MRS-001,,,,ARC-003,SWD-013
MRS-001,,,,ARC-003,SWD-014
MRS-001,,,,ARC-003,SWD-015
MRS-001,,,,ARC-003,SWD-016
MRS-001,,,,ARC-003,SWD-017
MRS-001,,,,ARC-003,SWD-018
MRS-001,,,,ARC-004,SWD-001
MRS-001,,,,ARC-004,SWD-002
MRS-001,,,,ARC-004,SWD-003
MRS-001,,,,ARC-004,SWD-004
MRS-001,,,,ARC-004,SWD-005
MRS-001,,,,ARC-004,SWD-006
MRS-001,,,,ARC-004,SWD-007
MRS-001,,,,ARC-004,SWD-008
MRS-001,,,,ARC-004,SWD-009
MRS-001,,,,ARC-004,SWD-010
MRS-001,,,,ARC-004,SWD-011
MRS-001,,,,ARC-004,SWD-012
MRS-001,,,,ARC-004,SWD-013
MRS-001,,,,ARC-004,SWD-014
MRS-001,,,,ARC-004,SWD-015
MRS-001,,,,ARC-004,SWD-016
MRS-002,SRS-005,TCS-064,TRP-073,,
MRS-002,SRS-005,TCS-065,TRP-074,,
MRS-002,SRS-006,TCS-068,TRP-077,,
MRS-002,SRS-006,TCS-069,TRP-078,,
MRS-002,SRS-006,TCS-070,TRP-079,,
MRS-002,,,,ARC-003,SWD-001
MRS-002,,,,ARC-003,SWD-002
MRS-002,,,,ARC-003,SWD-003
MRS-002,,,,ARC-003,SWD-004
MRS-002,,,,ARC-003,SWD-005
MRS-002,,,,ARC-003,SWD-006
MRS-002,,,,ARC-003,SWD-007
MRS-002,,,,ARC-003,SWD-008
MRS-002,,,,ARC-003,SWD-009
MRS-002,,,,ARC-003,SWD-010
MRS-002,,,,ARC-003,SWD-011
MRS-002,,,,ARC-003,SWD-012
MRS-002,,,,ARC-003,SWD-013
MRS-002,,,,ARC-003,SWD-014
MRS-002,,,,ARC-003,SWD-015
MRS-002,,,,ARC-003,SWD-016
MRS-002,,,,ARC-003,SWD-017
MRS-002,,,,ARC-003,SWD-018
MRS-002,,,,ARC-004,SWD-001
MRS-002,,,,ARC-004,SWD-002
MRS-002,,,,ARC-004,SWD-003
MRS-002,,,,ARC-004,SWD-004
MRS-002,,,,ARC-004,SWD-005
MRS-002,,,,ARC-004,SWD-006
MRS-002,,,,ARC-004,SWD-007
MRS-002,,,,ARC-004,SWD-008
MRS-002,,,,ARC-004,SWD-009
MRS-002,,,,ARC-004,SWD-010
MRS-002,,,,ARC-004,SWD-011
MRS-002,,,,ARC-004,SWD-012
MRS-002,,,,ARC-004,SWD-013
MRS-002,,,,ARC-004,SWD-014
MRS-002,,,,ARC-004,SWD-015
MRS-002,,,,ARC-004,SWD-016
MRS-003,SRS-005,TCS-064,TRP-073,,
MRS-003,SRS-005,TCS-065,TRP-074,,
MRS-003,SRS-006,TCS-068,TRP-077,,
MRS-003,SRS-006,TCS-069,TRP-078,,
MRS-003,SRS-006,TCS-070,TRP-079,,
MRS-003,SRS-007,TCS-067,TRP-076,,
MRS-003,SRS-007,TCS-076,TRP-105,,
MRS-003,SRS-007,TCS-077,TRP-080,,
MRS-003,SRS-057,,,,
MRS-003,,,,ARC-003,SWD-001
MRS-003,,,,ARC-003,SWD-002
MRS-003,,,,ARC-003,SWD-003
MRS-003,,,,ARC-003,SWD-004
MRS-003,,,,ARC-003,SWD-005
MRS-003,,,,ARC-003,SWD-006
MRS-003,,,,ARC-003,SWD-007
MRS-003,,,,ARC-003,SWD-008
MRS-003,,,,ARC-003,SWD-009
MRS-003,,,,ARC-003,SWD-010
MRS-003,,,,ARC-003,SWD-011
MRS-003,,,,ARC-003,SWD-012
MRS-003,,,,ARC-003,SWD-013
MRS-003,,,,ARC-003,SWD-014
MRS-003,,,,ARC-003,SWD-015
MRS-003,,,,ARC-003,SWD-016
MRS-003,,,,ARC-003,SWD-017
MRS-003,,,,ARC-003,SWD-018
MRS-003,,,,ARC-004,SWD-001
MRS-003,,,,ARC-004,SWD-002
MRS-003,,,,ARC-004,SWD-003
MRS-003,,,,ARC-004,SWD-004
MRS-003,,,,ARC-004,SWD-005
MRS-003,,,,ARC-004,SWD-006
MRS-003,,,,ARC-004,SWD-007
MRS-003,,,,ARC-004,SWD-008
MRS-003,,,,ARC-004,SWD-009
MRS-003,,,,ARC-004,SWD-010
MRS-003,,,,ARC-004,SWD-011
MRS-003,,,,ARC-004,SWD-012
MRS-003,,,,ARC-004,SWD-013
MRS-003,,,,ARC-004,SWD-014
MRS-003,,,,ARC-004,SWD-015
MRS-003,,,,ARC-004,SWD-016
MRS-004,SRS-058,,,,
MRS-004,,,,ARC-003,SWD-001
MRS-004,,,,ARC-003,SWD-002
MRS-004,,,,ARC-003,SWD-003
MRS-004,,,,ARC-003,SWD-004
MRS-004,,,,ARC-003,SWD-005
MRS-004,,,,ARC-003,SWD-006
MRS-004,,,,ARC-003,SWD-007
MRS-004,,,,ARC-003,SWD-008
MRS-004,,,,ARC-003,SWD-009
MRS-004,,,,ARC-003,SWD-010
MRS-004,,,,ARC-003,SWD-011
MRS-004,,,,ARC-003,SWD-012
MRS-004,,,,ARC-003,SWD-013
MRS-004,,,,ARC-003,SWD-014
MRS-004,,,,ARC-003,SWD-015
MRS-004,,,,ARC-003,SWD-016
MRS-004,,,,ARC-003,SWD-017
MRS-004,,,,ARC-003,SWD-018
MRS-005,SRS-058,,,,
MRS-005,,,,ARC-003,SWD-001
MRS-005,,,,ARC-003,SWD-002
MRS-005,,,,ARC-003,SWD-003
MRS-005,,,,ARC-003,SWD-004
MRS-005,,,,ARC-003,SWD-005
MRS-005,,,,ARC-003,SWD-006
MRS-005,,,,ARC-003,SWD-007
MRS-005,,,,ARC-003,SWD-008
MRS-005,,,,ARC-003,SWD-009
MRS-005,,,,ARC-003,SWD-010
MRS-005,,,,ARC-003,SWD-011
MRS-005,,,,ARC-003,SWD-012
MRS-005,,,,ARC-003,SWD-013
MRS-005,,,,ARC-003,SWD-014
MRS-005,,,,ARC-003,SWD-015
MRS-005,,,,ARC-003,SWD-016
MRS-005,,,,ARC-003,SWD-017
MRS-005,,,,ARC-003,SWD-018
MRS-005,,,,ARC-004,SWD-001
MRS-005,,,,ARC-004,SWD-002
MRS-005,,,,ARC-004,SWD-003
MRS-005,,,,ARC-004,SWD-004
MRS-005,,,,ARC-004,SWD-005
MRS-005,,,,ARC-004,SWD-006
MRS-005,,,,ARC-004,SWD-007
MRS-005,,,,ARC-004,SWD-008
MRS-005,,,,ARC-004,SWD-009
MRS-005,,,,ARC-004,SWD-010
MRS-005,,,,ARC-004,SWD-011
MRS-005,,,,ARC-004,SWD-012
MRS-005,,,,ARC-004,SWD-013
MRS-005,,,,ARC-004,SWD-014
MRS-005,,,,ARC-004,SWD-015
MRS-005,,,,ARC-004,SWD-016
MRS-006,SRS-058,,,,
MRS-006,,,,ARC-003,SWD-001
MRS-006,,,,ARC-003,SWD-002
MRS-006,,,,ARC-003,SWD-003
MRS-006,,,,ARC-003,SWD-004
MRS-006,,,,ARC-003,SWD-005
MRS-006,,,,ARC-003,SWD-006
MRS-006,,,,ARC-003,SWD-007
MRS-006,,,,ARC-003,SWD-008
MRS-006,,,,ARC-003,SWD-009
MRS-006,,,,ARC-003,SWD-010
MRS-006,,,,ARC-003,SWD-011
MRS-006,,,,ARC-003,SWD-012
MRS-006,,,,ARC-003,SWD-013
MRS-006,,,,ARC-003,SWD-014
MRS-006,,,,ARC-003,SWD-015
MRS-006,,,,ARC-003,SWD-016
MRS-006,,,,ARC-003,SWD-017
MRS-006,,,,ARC-003,SWD-018
MRS-007,SRS-058,,,,
MRS-007,,,,ARC-004,SWD-001
MRS-007,,,,ARC-004,SWD-002
MRS-007,,,,ARC-004,SWD-003
MRS-007,,,,ARC-004,SWD-004
MRS-007,,,,ARC-004,SWD-005
MRS-007,,,,ARC-004,SWD-006
MRS-007,,,,ARC-004,SWD-007
MRS-007,,,,ARC-004,SWD-008
MRS-007,,,,ARC-004,SWD-009
MRS-007,,,,ARC-004,SWD-010
MRS-007,,,,ARC-004,SWD-011
MRS-007,,,,ARC-004,SWD-012
MRS-007,,,,ARC-004,SWD-013
MRS-007,,,,ARC-004,SWD-014
MRS-007,,,,ARC-004,SWD-015
MRS-007,,,,ARC-004,SWD-016
MRS-008,SRS-058,,,,
MRS-008,,,,ARC-004,SWD-001
MRS-008,,,,ARC-004,SWD-002
MRS-008,,,,ARC-004,SWD-003
MRS-008,,,,ARC-004,SWD-004
MRS-008,,,,ARC-004,SWD-005
MRS-008,,,,ARC-004,SWD-006
MRS-008,,,,ARC-004,SWD-007
MRS-008,,,,ARC-004,SWD-008
MRS-008,,,,ARC-004,SWD-009
MRS-008,,,,ARC-004,SWD-010
MRS-008,,,,ARC-004,SWD-011
MRS-008,,,,ARC-004,SWD-012
MRS-008,,,,ARC-004,SWD-013
MRS-008,,,,ARC-004,SWD-014
MRS-008,,,,ARC-004,SWD-015
MRS-008,,,,ARC-004,SWD-016
MRS-009,SRS-058,,,,
MRS-009,,,,ARC-003,SWD-001
MRS-009,,,,ARC-003,SWD-002
MRS-009,,,,ARC-003,SWD-003
MRS-009,,,,ARC-003,SWD-004
MRS-009,,,,ARC-003,SWD-005
MRS-009,,,,ARC-003,SWD-006
MRS-009,,,,ARC-003,SWD-007
MRS-009,,,,ARC-003,SWD-008
MRS-009,,,,ARC-003,SWD-009
MRS-009,,,,ARC-003,SWD-010
MRS-009,,,,ARC-003,SWD-011
MRS-009,,,,ARC-003,SWD-012
MRS-009,,,,ARC-003,SWD-013
MRS-009,,,,ARC-003,SWD-014
MRS-009,,,,ARC-003,SWD-015
MRS-009,,,,ARC-003,SWD-016
MRS-009,,,,ARC-003,SWD-017
MRS-009,,,,ARC-003,SWD-018
MRS-010,SRS-057,,,,
MRS-010,,,,ARC-003,SWD-001
MRS-010,,,,ARC-003,SWD-002
MRS-010,,,,ARC-003,SWD-003
MRS-010,,,,ARC-003,SWD-004
MRS-010,,,,ARC-003,SWD-005
MRS-010,,,,ARC-003,SWD-006
MRS-010,,,,ARC-003,SWD-007
MRS-010,,,,ARC-003,SWD-008
MRS-010,,,,ARC-003,SWD-009
MRS-010,,,,ARC-003,SWD-010
MRS-010,,,,ARC-003,SWD-011
MRS-010,,,,ARC-003,SWD-012
MRS-010,,,,ARC-003,SWD-013
MRS-010,,,,ARC-003,SWD-014
MRS-010,,,,ARC-003,SWD-015
MRS-010,,,,ARC-003,SWD-016
MRS-010,,,,ARC-003,SWD-017
MRS-010,,,,ARC-003,SWD-018
MRS-011,SRS-058,,,,
MRS-011,,,,ARC-003,SWD-001
MRS-011,,,,ARC-003,SWD-002
MRS-011,,,,ARC-003,SWD-003
MRS-011,,,,ARC-003,SWD-004
MRS-011,,,,ARC-003,SWD-005
MRS-011,,,,ARC-003,SWD-006
MRS-011,,,,ARC-003,SWD-007
MRS-011,,,,ARC-003,SWD-008
MRS-011,,,,ARC-003,SWD-009
MRS-011,,,,ARC-003,SWD-010
MRS-011,,,,ARC-003,SWD-011
MRS-011,,,,ARC-003,SWD-012
MRS-011,,,,ARC-003,SWD-013
MRS-011,,,,ARC-003,SWD-014
MRS-011,,,,ARC-003,SWD-015
MRS-011,,,,ARC-003,SWD-016
MRS-011,,,,ARC-003,SWD-017
MRS-011,,,,ARC-003,SWD-018
MRS-011,,,,ARC-004,SWD-001
MRS-011,,,,ARC-004,SWD-002
MRS-011,,,,ARC-004,SWD-003
MRS-011,,,,ARC-004,SWD-004
MRS-011,,,,ARC-004,SWD-005
MRS-011,,,,ARC-004,SWD-006
MRS-011,,,,ARC-004,SWD-007
MRS-011,,,,ARC-004,SWD-008
MRS-011,,,,ARC-004,SWD-009
MRS-011,,,,ARC-004,SWD-010
MRS-011,,,,ARC-004,SWD-011
MRS-011,,,,ARC-004,SWD-012
MRS-011,,,,ARC-004,SWD-013
MRS-011,,,,ARC-004,SWD-014
MRS-011,,,,ARC-004,SWD-015
MRS-011,,,,ARC-004,SWD-016
MRS-012,SRS-058,,,,
MRS-012,,,,ARC-002,
MRS-013,SRS-058,,,,
MRS-013,,,,ARC-003,SWD-001
MRS-013,,,,ARC-003,SWD-002
MRS-013,,,,ARC-003,SWD-003
MRS-013,,,,ARC-003,SWD-004
MRS-013,,,,ARC-003,SWD-005
MRS-013,,,,ARC-003,SWD-006
MRS-013,,,,ARC-003,SWD-007
MRS-013,,,,ARC-003,SWD-008
MRS-013,,,,ARC-003,SWD-009
MRS-013,,,,ARC-003,SWD-010
MRS-013,,,,ARC-003,SWD-011
MRS-013,,,,ARC-003,SWD-012
MRS-013,,,,ARC-003,SWD-013
MRS-013,,,,ARC-003,SWD-014
MRS-013,,,,ARC-003,SWD-015
MRS-013,,,,ARC-003,SWD-016
MRS-013,,,,ARC-003,SWD-017
MRS-013,,,,ARC-003,SWD-018
MRS-013,,,,ARC-004,SWD-001
MRS-013,,,,ARC-004,SWD-002
MRS-013,,,,ARC-004,SWD-003
MRS-013,,,,ARC-004,SWD-004
MRS-013,,,,ARC-004,SWD-005
MRS-013,,,,ARC-004,SWD-006
MRS-013,,,,ARC-004,SWD-007
MRS-013,,,,ARC-004,SWD-008
MRS-013,,,,ARC-004,SWD-009
MRS-013,,,,ARC-004,SWD-010
MRS-013,,,,ARC-004,SWD-011
MRS-013,,,,ARC-004,SWD-012
MRS-013,,,,ARC-004,SWD-013
MRS-013,,,,ARC-004,SWD-014
MRS-013,,,,ARC-004,SWD-015
MRS-013,,,,ARC-004,SWD-016
MRS-014,SRS-009,TCS-071,TRP-100,,
MRS-014,,,,ARC-002,
MRS-015,SRS-009,TCS-071,TRP-100,,
MRS-015,SRS-010,TCS-072,TRP-101,,
MRS-015,,,,ARC-002,
MRS-016,SRS-011,TCS-073,TRP-102,,
MRS-016,,,,ARC-002,
MRS-017,SRS-059,,,,
MRS-017,,,,ARC-003,SWD-001
MRS-017,,,,ARC-003,SWD-002
MRS-017,,,,ARC-003,SWD-003
MRS-017,,,,ARC-003,SWD-004
MRS-017,,,,ARC-003,SWD-005
MRS-017,,,,ARC-003,SWD-006
MRS-017,,,,ARC-003,SWD-007
MRS-017,,,,ARC-003,SWD-008
MRS-017,,,,ARC-003,SWD-009
MRS-017,,,,ARC-003,SWD-010
MRS-017,,,,ARC-003,SWD-011
MRS-017,,,,ARC-003,SWD-012
MRS-017,,,,ARC-003,SWD-013
MRS-017,,,,ARC-003,SWD-014
MRS-017,,,,ARC-003,SWD-015
MRS-017,,,,ARC-003,SWD-016
MRS-017,,,,ARC-003,SWD-017
MRS-017,,,,ARC-003,SWD-018
MRS-018,SRS-059,,,,
MRS-018,,,,ARC-004,SWD-001
MRS-018,,,,ARC-004,SWD-002
MRS-018,,,,ARC-004,SWD-003
MRS-018,,,,ARC-004,SWD-004
MRS-018,,,,ARC-004,SWD-005
MRS-018,,,,ARC-004,SWD-006
MRS-018,,,,ARC-004,SWD-007
MRS-018,,,,ARC-004,SWD-008
MRS-018,,,,ARC-004,SWD-009
MRS-018,,,,ARC-004,SWD-010
MRS-018,,,,ARC-004,SWD-011
MRS-018,,,,ARC-004,SWD-012
MRS-018,,,,ARC-004,SWD-013
MRS-018,,,,ARC-004,SWD-014
MRS-018,,,,ARC-004,SWD-015
MRS-018,,,,ARC-004,SWD-016
MRS-019,SRS-059,,,,
MRS-019,,,,ARC-004,SWD-001
MRS-019,,,,ARC-004,SWD-002
MRS-019,,,,ARC-004,SWD-003
MRS-019,,,,ARC-004,SWD-004
MRS-019,,,,ARC-004,SWD-005
MRS-019,,,,ARC-004,SWD-006
MRS-019,,,,ARC-004,SWD-007
MRS-019,,,,ARC-004,SWD-008
MRS-019,,,,ARC-004,SWD-009
MRS-019,,,,ARC-004,SWD-010
MRS-019,,,,ARC-004,SWD-011
MRS-019,,,,ARC-004,SWD-012
MRS-019,,,,ARC-004,SWD-013
MRS-019,,,,ARC-004,SWD-014
MRS-019,,,,ARC-004,SWD-015
MRS-019,,,,ARC-004,SWD-016
MRS-020,SRS-059,,,,
MRS-020,,,,ARC-004,SWD-001
MRS-020,,,,ARC-004,SWD-002
MRS-020,,,,ARC-004,SWD-003
MRS-020,,,,ARC-004,SWD-004
MRS-020,,,,ARC-004,SWD-005
MRS-020,,,,ARC-004,SWD-006
MRS-020,,,,ARC-004,SWD-007
MRS-020,,,,ARC-004,SWD-008
MRS-020,,,,ARC-004,SWD-009
MRS-020,,,,ARC-004,SWD-010
MRS-020,,,,ARC-004,SWD-011
MRS-020,,,,ARC-004,SWD-012
MRS-020,,,,ARC-004,SWD-013
MRS-020,,,,ARC-004,SWD-014
MRS-020,,,,ARC-004,SWD-015
MRS-020,,,,ARC-004,SWD-016
MRS-021,SRS-059,,,,
MRS-021,,,,ARC-004,SWD-001
MRS-021,,,,ARC-004,SWD-002
MRS-021,,,,ARC-004,SWD-003
MRS-021,,,,ARC-004,SWD-004
MRS-021,,,,ARC-004,SWD-005
MRS-021,,,,ARC-004,SWD-006
MRS-021,,,,ARC-004,SWD-007
MRS-021,,,,ARC-004,SWD-008
MRS-021,,,,ARC-004,SWD-009
MRS-021,,,,ARC-004,SWD-010
MRS-021,,,,ARC-004,SWD-011
MRS-021,,,,ARC-004,SWD-012
MRS-021,,,,ARC-004,SWD-013
MRS-021,,,,ARC-004,SWD-014
MRS-021,,,,ARC-004,SWD-015
MRS-021,,,,ARC-004,SWD-016
MRS-022,SRS-059,,,,
MRS-022,,,,ARC-004,SWD-001
MRS-022,,,,ARC-004,SWD-002
MRS-022,,,,ARC-004,SWD-003
MRS-022,,,,ARC-004,SWD-004
MRS-022,,,,ARC-004,SWD-005
MRS-022,,,,ARC-004,SWD-006
MRS-022,,,,ARC-004,SWD-007
MRS-022,,,,ARC-004,SWD-008
MRS-022,,,,ARC-004,SWD-009
MRS-022,,,,ARC-004,SWD-010
MRS-022,,,,ARC-004,SWD-011
MRS-022,,,,ARC-004,SWD-012
MRS-022,,,,ARC-004,SWD-013
MRS-022,,,,ARC-004,SWD-014
MRS-022,,,,ARC-004,SWD-015
MRS-022,,,,ARC-004,SWD-016
MRS-023,SRS-059,,,,
MRS-023,,,,ARC-004,SWD-001
MRS-023,,,,ARC-004,SWD-002
MRS-023,,,,ARC-004,SWD-003
MRS-023,,,,ARC-004,SWD-004
MRS-023,,,,ARC-004,SWD-005
MRS-023,,,,ARC-004,SWD-006
MRS-023,,,,ARC-004,SWD-007
MRS-023,,,,ARC-004,SWD-008
MRS-023,,,,ARC-004,SWD-009
MRS-023,,,,ARC-004,SWD-010
MRS-023,,,,ARC-004,SWD-011
MRS-023,,,,ARC-004,SWD-012
MRS-023,,,,ARC-004,SWD-013
MRS-023,,,,ARC-004,SWD-014
MRS-023,,,,ARC-004,SWD-015
MRS-023,,,,ARC-004,SWD-016
MRS-024,SRS-054,TCS-083,TRP-086,,
MRS-024,,,,ARC-003,SWD-001
MRS-024,,,,ARC-003,SWD-002
MRS-024,,,,ARC-003,SWD-003
MRS-024,,,,ARC-003,SWD-004
MRS-024,,,,ARC-003,SWD-005
MRS-024,,,,ARC-003,SWD-006
MRS-024,,,,ARC-003,SWD-007
MRS-024,,,,ARC-003,SWD-008
MRS-024,,,,ARC-003,SWD-009
MRS-024,,,,ARC-003,SWD-010
MRS-024,,,,ARC-003,SWD-011
MRS-024,,,,ARC-003,SWD-012
MRS-024,,,,ARC-003,SWD-013
MRS-024,,,,ARC-003,SWD-014
MRS-024,,,,ARC-003,SWD-015
MRS-024,,,,ARC-003,SWD-016
MRS-024,,,,ARC-003,SWD-017
MRS-024,,,,ARC-003,SWD-018
MRS-025,SRS-012,TCS-074,TRP-103,,
MRS-025,SRS-012,TCS-080,TRP-083,,
MRS-025,SRS-012,TCS-081,TRP-084,,
MRS-025,SRS-012,TCS-082,TRP-085,,
MRS-025,,,,ARC-003,SWD-001
MRS-025,,,,ARC-003,SWD-002
MRS-025,,,,ARC-003,SWD-003
MRS-025,,,,ARC-003,SWD-004
MRS-025,,,,ARC-003,SWD-005
MRS-025,,,,ARC-003,SWD-006
MRS-025,,,,ARC-003,SWD-007
MRS-025,,,,ARC-003,SWD-008
MRS-025,,,,ARC-003,SWD-009
MRS-025,,,,ARC-003,SWD-010
MRS-025,,,,ARC-003,SWD-011
MRS-025,,,,ARC-003,SWD-012
MRS-025,,,,ARC-003,SWD-013
MRS-025,,,,ARC-003,SWD-014
MRS-025,,,,ARC-003,SWD-015
MRS-025,,,,ARC-003,SWD-016
MRS-025,,,,ARC-003,SWD-017
MRS-025,,,,ARC-003,SWD-018
MRS-026,SRS-005,TCS-064,TRP-073,,
MRS-026,SRS-005,TCS-065,TRP-074,,
MRS-026,SRS-006,TCS-068,TRP-077,,
MRS-026,SRS-006,TCS-069,TRP-078,,
MRS-026,SRS-006,TCS-070,TRP-079,,
MRS-026,SRS-007,TCS-067,TRP-076,,
MRS-026,SRS-007,TCS-076,TRP-105,,
MRS-026,SRS-007,TCS-077,TRP-080,,
MRS-026,SRS-012,TCS-074,TRP-103,,
MRS-026,SRS-012,TCS-080,TRP-083,,
MRS-026,SRS-012,TCS-081,TRP-084,,
MRS-026,SRS-012,TCS-082,TRP-085,,
MRS-026,SRS-013,TCS-075,TRP-104,,
MRS-026,SRS-013,TCS-078,TRP-081,,
MRS-026,SRS-013,TCS-079,TRP-082,,
MRS-026,,,,ARC-002,
MRS-026,,,,ARC-003,SWD-001
MRS-026,,,,ARC-003,SWD-002
MRS-026,,,,ARC-003,SWD-003
MRS-026,,,,ARC-003,SWD-004
MRS-026,,,,ARC-003,SWD-005
MRS-026,,,,ARC-003,SWD-006
MRS-026,,,,ARC-003,SWD-007
MRS-026,,,,ARC-003,SWD-008
MRS-026,,,,ARC-003,SWD-009
MRS-026,,,,ARC-003,SWD-010
MRS-026,,,,ARC-003,SWD-011
MRS-026,,,,ARC-003,SWD-012
MRS-026,,,,ARC-003,SWD-013
MRS-026,,,,ARC-003,SWD-014
MRS-026,,,,ARC-003,SWD-015
MRS-026,,,,ARC-003,SWD-016
MRS-026,,,,ARC-003,SWD-017
MRS-026,,,,ARC-003,SWD-018
MRS-026,,,,ARC-004,SWD-001
MRS-026,,,,ARC-004,SWD-002
MRS-026,,,,ARC-004,SWD-003
MRS-026,,,,ARC-004,SWD-004
MRS-026,,,,ARC-004,SWD-005
MRS-026,,,,ARC-004,SWD-006
MRS-026,,,,ARC-004,SWD-007
MRS-026,,,,ARC-004,SWD-008
MRS-026,,,,ARC-004,SWD-009
MRS-026,,,,ARC-004,SWD-010
MRS-026,,,,ARC-004,SWD-011
MRS-026,,,,ARC-004,SWD-012
MRS-026,,,,ARC-004,SWD-013
MRS-026,,,,ARC-004,SWD-014
MRS-026,,,,ARC-004,SWD-015
MRS-026,,,,ARC-004,SWD-016
MRS-027,SRS-061,,,,
MRS-027,,,,ARC-003,SWD-001
MRS-027,,,,ARC-003,SWD-002
MRS-027,,,,ARC-003,SWD-003
MRS-027,,,,ARC-003,SWD-004
MRS-027,,,,ARC-003,SWD-005
MRS-027,,,,ARC-003,SWD-006
MRS-027,,,,ARC-003,SWD-007
MRS-027,,,,ARC-003,SWD-008
MRS-027,,,,ARC-003,SWD-009
MRS-027,,,,ARC-003,SWD-010
MRS-027,,,,ARC-003,SWD-011
MRS-027,,,,ARC-003,SWD-012
MRS-027,,,,ARC-003,SWD-013
MRS-027,,,,ARC-003,SWD-014
MRS-027,,,,ARC-003,SWD-015
MRS-027,,,,ARC-003,SWD-016
MRS-027,,,,ARC-003,SWD-017
MRS-027,,,,ARC-003,SWD-018
MRS-028,SRS-002,TCS-002,TRP-002,,
MRS-028,,,,ARC-003,SWD-001
MRS-028,,,,ARC-003,SWD-002
MRS-028,,,,ARC-003,SWD-003
MRS-028,,,,ARC-003,SWD-004
MRS-028,,,,ARC-003,SWD-005
MRS-028,,,,ARC-003,SWD-006
MRS-028,,,,ARC-003,SWD-007
MRS-028,,,,ARC-003,SWD-008
MRS-028,,,,ARC-003,SWD-009
MRS-028,,,,ARC-003,SWD-010
MRS-028,,,,ARC-003,SWD-011
MRS-028,,,,ARC-003,SWD-012
MRS-028,,,,ARC-003,SWD-013
MRS-028,,,,ARC-003,SWD-014
MRS-028,,,,ARC-003,SWD-015
MRS-028,,,,ARC-003,SWD-016
MRS-028,,,,ARC-003,SWD-017
MRS-028,,,,ARC-003,SWD-018
MRS-029,SRS-061,,,,
MRS-029,,,,ARC-004,SWD-001
MRS-029,,,,ARC-004,SWD-002
MRS-029,,,,ARC-004,SWD-003
MRS-029,,,,ARC-004,SWD-004
MRS-029,,,,ARC-004,SWD-005
MRS-029,,,,ARC-004,SWD-006
MRS-029,,,,ARC-004,SWD-007
MRS-029,,,,ARC-004,SWD-008
MRS-029,,,,ARC-004,SWD-009
MRS-029,,,,ARC-004,SWD-010
MRS-029,,,,ARC-004,SWD-011
MRS-029,,,,ARC-004,SWD-012
MRS-029,,,,ARC-004,SWD-013
MRS-029,,,,ARC-004,SWD-014
MRS-029,,,,ARC-004,SWD-015
MRS-029,,,,ARC-004,SWD-016
MRS-030,SRS-001,TCS-001,TRP-001,,
MRS-030,SRS-002,TCS-002,TRP-002,,
MRS-030,SRS-027,TCS-016,TRP-016,,
MRS-031,SRS-046,TCS-087,TRP-090,,
MRS-031,SRS-046,TCS-088,TRP-091,,
MRS-031,SRS-047,TCS-087,TRP-090,,
MRS-031,SRS-048,TCS-089,TRP-092,,
MRS-031,,,,ARC-003,SWD-001
MRS-031,,,,ARC-003,SWD-002
MRS-031,,,,ARC-003,SWD-003
MRS-031,,,,ARC-003,SWD-004
MRS-031,,,,ARC-003,SWD-005
MRS-031,,,,ARC-003,SWD-006
MRS-031,,,,ARC-003,SWD-007
MRS-031,,,,ARC-003,SWD-008
MRS-031,,,,ARC-003,SWD-009
MRS-031,,,,ARC-003,SWD-010
MRS-031,,,,ARC-003,SWD-011
MRS-031,,,,ARC-003,SWD-012
MRS-031,,,,ARC-003,SWD-013
MRS-031,,,,ARC-003,SWD-014
MRS-031,,,,ARC-003,SWD-015
MRS-031,,,,ARC-003,SWD-016
MRS-031,,,,ARC-003,SWD-017
MRS-031,,,,ARC-003,SWD-018
MRS-032,SRS-004,TCS-004,TRP-004,,
MRS-032,SRS-014,TCS-005,TRP-005,,
MRS-032,SRS-015,,,,
MRS-032,SRS-016,TCS-006,TRP-006,,
MRS-032,SRS-016,TCS-007,TRP-007,,
MRS-032,SRS-017,TCS-008,TRP-008,,
MRS-032,SRS-018,,,,
MRS-032,SRS-019,TCS-009,TRP-009,,
MRS-032,SRS-020,TCS-009,TRP-009,,
MRS-032,SRS-021,TCS-009,TRP-009,,
MRS-032,SRS-022,TCS-010,TRP-010,,
MRS-032,SRS-022,TCS-011,TRP-011,,
MRS-032,SRS-022,TCS-012,TRP-012,,
MRS-032,SRS-023,TCS-012,TRP-012,,
MRS-032,SRS-028,TCS-017,TRP-017,,
MRS-032,SRS-029,TCS-018,TRP-018,,
MRS-032,SRS-030,TCS-019,TRP-019,,
MRS-032,SRS-031,TCS-020,TRP-020,,
MRS-032,SRS-032,TCS-021,TRP-021,,
MRS-032,SRS-033,TCS-022,TRP-022,,
MRS-032,SRS-034,TCS-023,TRP-023,,
MRS-032,SRS-035,TCS-024,TRP-024,,
MRS-032,SRS-036,TCS-025,TRP-025,,
MRS-032,SRS-037,TCS-026,TRP-026,,
MRS-032,SRS-038,TCS-027,TRP-027,,
MRS-032,SRS-039,TCS-028,TRP-028,,
MRS-032,SRS-040,TCS-029,TRP-029,,
MRS-032,SRS-041,TCS-030,TRP-030,,
MRS-032,SRS-042,TCS-031,TRP-031,,
MRS-032,SRS-043,TCS-032,TRP-032,,
MRS-032,SRS-044,TCS-033,TRP-033,,
MRS-032,SRS-045,TCS-034,TRP-034,,
MRS-033,SRS-046,TCS-087,TRP-090,,
MRS-033,SRS-046,TCS-088,TRP-091,,
MRS-033,SRS-047,TCS-087,TRP-090,,
MRS-033,,,,ARC-003,SWD-001
MRS-033,,,,ARC-003,SWD-002
MRS-033,,,,ARC-003,SWD-003
MRS-033,,,,ARC-003,SWD-004
MRS-033,,,,ARC-003,SWD-005
MRS-033,,,,ARC-003,SWD-006
MRS-033,,,,ARC-003,SWD-007
MRS-033,,,,ARC-003,SWD-008
MRS-033,,,,ARC-003,SWD-009
MRS-033,,,,ARC-003,SWD-010
MRS-033,,,,ARC-003,SWD-011
MRS-033,,,,ARC-003,SWD-012
MRS-033,,,,ARC-003,SWD-013
MRS-033,,,,ARC-003,SWD-014
MRS-033,,,,ARC-003,SWD-015
MRS-033,,,,ARC-003,SWD-016
MRS-033,,,,ARC-003,SWD-017
MRS-033,,,,ARC-003,SWD-018
MRS-033,,,,ARC-004,SWD-001
MRS-033,,,,ARC-004,SWD-002
MRS-033,,,,ARC-004,SWD-003
MRS-033,,,,ARC-004,SWD-004
MRS-033,,,,ARC-004,SWD-005
MRS-033,,,,ARC-004,SWD-006
MRS-033,,,,ARC-004,SWD-007
MRS-033,,,,ARC-004,SWD-008
MRS-033,,,,ARC-004,SWD-009
MRS-033,,,,ARC-004,SWD-010
MRS-033,,,,ARC-004,SWD-011
MRS-033,,,,ARC-004,SWD-012
MRS-033,,,,ARC-004,SWD-013
MRS-033,,,,ARC-004,SWD-014
MRS-033,,,,ARC-004,SWD-015
MRS-033,,,,ARC-004,SWD-016
MRS-034,SRS-049,TCS-090,TRP-093,,
MRS-034,SRS-053,,,,
MRS-034,,,,ARC-003,SWD-001
MRS-034,,,,ARC-003,SWD-002
MRS-034,,,,ARC-003,SWD-003
MRS-034,,,,ARC-003,SWD-004
MRS-034,,,,ARC-003,SWD-005
MRS-034,,,,ARC-003,SWD-006
MRS-034,,,,ARC-003,SWD-007
MRS-034,,,,ARC-003,SWD-008
MRS-034,,,,ARC-003,SWD-009
MRS-034,,,,ARC-003,SWD-010
MRS-034,,,,ARC-003,SWD-011
MRS-034,,,,ARC-003,SWD-012
MRS-034,,,,ARC-003,SWD-013
MRS-034,,,,ARC-003,SWD-014
MRS-034,,,,ARC-003,SWD-015
MRS-034,,,,ARC-003,SWD-016
MRS-034,,,,ARC-003,SWD-017
MRS-034,,,,ARC-003,SWD-018
MRS-034,,,,ARC-004,SWD-001
MRS-034,,,,ARC-004,SWD-002
MRS-034,,,,ARC-004,SWD-003
MRS-034,,,,ARC-004,SWD-004
MRS-034,,,,ARC-004,SWD-005
MRS-034,,,,ARC-004,SWD-006
MRS-034,,,,ARC-004,SWD-007
MRS-034,,,,ARC-004,SWD-008
MRS-034,,,,ARC-004,SWD-009
MRS-034,,,,ARC-004,SWD-010
MRS-034,,,,ARC-004,SWD-011
MRS-034,,,,ARC-004,SWD-012
MRS-034,,,,ARC-004,SWD-013
MRS-034,,,,ARC-004,SWD-014
MRS-034,,,,ARC-004,SWD-015
MRS-034,,,,ARC-004,SWD-016
MRS-035,SRS-013,TCS-075,TRP-104,,
MRS-035,SRS-013,TCS-078,TRP-081,,
MRS-035,SRS-013,TCS-079,TRP-082,,
MRS-035,SRS-048,TCS-089,TRP-092,,
MRS-035,SRS-050,TCS-091,TRP-094,,
MRS-035,SRS-051,TCS-091,TRP-094,,
MRS-035,SRS-052,TCS-091,TRP-094,,
MRS-035,,,,ARC-003,SWD-001
MRS-035,,,,ARC-003,SWD-002
MRS-035,,,,ARC-003,SWD-003
MRS-035,,,,ARC-003,SWD-004
MRS-035,,,,ARC-003,SWD-005
MRS-035,,,,ARC-003,SWD-006
MRS-035,,,,ARC-003,SWD-007
MRS-035,,,,ARC-003,SWD-008
MRS-035,,,,ARC-003,SWD-009
MRS-035,,,,ARC-003,SWD-010
MRS-035,,,,ARC-003,SWD-011
MRS-035,,,,ARC-003,SWD-012
MRS-035,,,,ARC-003,SWD-013
MRS-035,,,,ARC-003,SWD-014
MRS-035,,,,ARC-003,SWD-015
MRS-035,,,,ARC-003,SWD-016
MRS-035,,,,ARC-003,SWD-017
MRS-035,,,,ARC-003,SWD-018
MRS-035,,,,ARC-004,SWD-001
MRS-035,,,,ARC-004,SWD-002
MRS-035,,,,ARC-004,SWD-003
MRS-035,,,,ARC-004,SWD-004
MRS-035,,,,ARC-004,SWD-005
MRS-035,,,,ARC-004,SWD-006
MRS-035,,,,ARC-004,SWD-007
MRS-035,,,,ARC-004,SWD-008
MRS-035,,,,ARC-004,SWD-009
MRS-035,,,,ARC-004,SWD-010
MRS-035,,,,ARC-004,SWD-011
MRS-035,,,,ARC-004,SWD-012
MRS-035,,,,ARC-004,SWD-013
MRS-035,,,,ARC-004,SWD-014
MRS-035,,,,ARC-004,SWD-015
MRS-035,,,,ARC-004,SWD-016
MRS-036,SRS-001,TCS-001,TRP-001,,
MRS-036,SRS-002,TCS-002,TRP-002,,
MRS-036,SRS-027,TCS-016,TRP-016,,
MRS-037,SRS-022,TCS-010,TRP-010,,
MRS-037,SRS-022,TCS-011,TRP-011,,
MRS-037,SRS-022,TCS-012,TRP-012,,
MRS-038,SRS-023,TCS-012,TRP-012,,
MRS-039,SRS-014,TCS-005,TRP-005,,
MRS-039,SRS-015,,,,
MRS-039,SRS-016,TCS-006,TRP-006,,
MRS-039,SRS-016,TCS-007,TRP-007,,
MRS-039,SRS-017,TCS-008,TRP-008,,
MRS-039,SRS-018,,,,
MRS-040,SRS-020,TCS-009,TRP-009,,
MRS-040,SRS-021,TCS-009,TRP-009,,
MRS-040,,,,ARC-004,SWD-001
MRS-040,,,,ARC-004,SWD-002
MRS-040,,,,ARC-004,SWD-003
MRS-040,,,,ARC-004,SWD-004
MRS-040,,,,ARC-004,SWD-005
MRS-040,,,,ARC-004,SWD-006
MRS-040,,,,ARC-004,SWD-007
MRS-040,,,,ARC-004,SWD-008
MRS-040,,,,ARC-004,SWD-009
MRS-040,,,,ARC-004,SWD-010
MRS-040,,,,ARC-004,SWD-011
MRS-040,,,,ARC-004,SWD-012
MRS-040,,,,ARC-004,SWD-013
MRS-040,,,,ARC-004,SWD-014
MRS-040,,,,ARC-004,SWD-015
MRS-040,,,,ARC-004,SWD-016
MRS-041,SRS-024,TCS-013,TRP-013,,
MRS-041,SRS-033,TCS-022,TRP-022,,
MRS-041,SRS-034,TCS-023,TRP-023,,
MRS-041,,,,ARC-004,SWD-001
MRS-041,,,,ARC-004,SWD-002
MRS-041,,,,ARC-004,SWD-003
MRS-041,,,,ARC-004,SWD-004
MRS-041,,,,ARC-004,SWD-005
MRS-041,,,,ARC-004,SWD-006
MRS-041,,,,ARC-004,SWD-007
MRS-041,,,,ARC-004,SWD-008
MRS-041,,,,ARC-004,SWD-009
MRS-041,,,,ARC-004,SWD-010
MRS-041,,,,ARC-004,SWD-011
MRS-041,,,,ARC-004,SWD-012
MRS-041,,,,ARC-004,SWD-013
MRS-041,,,,ARC-004,SWD-014
MRS-041,,,,ARC-004,SWD-015
MRS-041,,,,ARC-004,SWD-016
MRS-042,SRS-024,TCS-013,TRP-013,,
MRS-043,SRS-035,TCS-024,TRP-024,,
MRS-043,SRS-036,TCS-025,TRP-025,,
MRS-043,SRS-037,TCS-026,TRP-026,,
MRS-043,SRS-038,TCS-027,TRP-027,,
MRS-043,SRS-039,TCS-028,TRP-028,,
MRS-043,SRS-040,TCS-029,TRP-029,,
MRS-043,SRS-041,TCS-030,TRP-030,,
MRS-044,SRS-025,TCS-014,TRP-014,,
MRS-044,,,,ARC-004,SWD-001
MRS-044,,,,ARC-004,SWD-002
MRS-044,,,,ARC-004,SWD-003
MRS-044,,,,ARC-004,SWD-004
MRS-044,,,,ARC-004,SWD-005
MRS-044,,,,ARC-004,SWD-006
MRS-044,,,,ARC-004,SWD-007
MRS-044,,,,ARC-004,SWD-008
MRS-044,,,,ARC-004,SWD-009
MRS-044,,,,ARC-004,SWD-010
MRS-044,,,,ARC-004,SWD-011
MRS-044,,,,ARC-004,SWD-012
MRS-044,,,,ARC-004,SWD-013
MRS-044,,,,ARC-004,SWD-014
MRS-044,,,,ARC-004,SWD-015
MRS-044,,,,ARC-004,SWD-016
MRS-045,SRS-026,TCS-015,TRP-015,,
MRS-046,SRS-008,TCS-066,TRP-075,,
MRS-046,SRS-055,TCS-084,TRP-087,,
MRS-046,SRS-055,TCS-085,TRP-088,,
MRS-046,SRS-056,TCS-086,TRP-089,,
MRS-046,,,,ARC-003,SWD-001
MRS-046,,,,ARC-003,SWD-002
MRS-046,,,,ARC-003,SWD-003
MRS-046,,,,ARC-003,SWD-004
MRS-046,,,,ARC-003,SWD-005
MRS-046,,,,ARC-003,SWD-006
MRS-046,,,,ARC-003,SWD-007
MRS-046,,,,ARC-003,SWD-008
MRS-046,,,,ARC-003,SWD-009
MRS-046,,,,ARC-003,SWD-010
MRS-046,,,,ARC-003,SWD-011
MRS-046,,,,ARC-003,SWD-012
MRS-046,,,,ARC-003,SWD-013
MRS-046,,,,ARC-003,SWD-014
MRS-046,,,,ARC-003,SWD-015
MRS-046,,,,ARC-003,SWD-016
MRS-046,,,,ARC-003,SWD-017
MRS-046,,,,ARC-003,SWD-018
MRS-047,SRS-008,TCS-066,TRP-075,,
MRS-047,,,,ARC-003,SWD-001
MRS-047,,,,ARC-003,SWD-002
MRS-047,,,,ARC-003,SWD-003
MRS-047,,,,ARC-003,SWD-004
MRS-047,,,,ARC-003,SWD-005
MRS-047,,,,ARC-003,SWD-006
MRS-047,,,,ARC-003,SWD-007
MRS-047,,,,ARC-003,SWD-008
MRS-047,,,,ARC-003,SWD-009
MRS-047,,,,ARC-003,SWD-010
MRS-047,,,,ARC-003,SWD-011
MRS-047,,,,ARC-003,SWD-012
MRS-047,,,,ARC-003,SWD-013
MRS-047,,,,ARC-003,SWD-014
MRS-047,,,,ARC-003,SWD-015
MRS-047,,,,ARC-003,SWD-016
MRS-047,,,,ARC-003,SWD-017
MRS-047,,,,ARC-003,SWD-018
MRS-048,SRS-060,,,,
MRS-048,,,,ARC-003,SWD-001
MRS-048,,,,ARC-003,SWD-002
MRS-048,,,,ARC-003,SWD-003
MRS-048,,,,ARC-003,SWD-004
MRS-048,,,,ARC-003,SWD-005
MRS-048,,,,ARC-003,SWD-006
MRS-048,,,,ARC-003,SWD-007
MRS-048,,,,ARC-003,SWD-008
MRS-048,,,,ARC-003,SWD-009
MRS-048,,,,ARC-003,SWD-010
MRS-048,,,,ARC-003,SWD-011
MRS-048,,,,ARC-003,SWD-012
MRS-048,,,,ARC-003,SWD-013
MRS-048,,,,ARC-003,SWD-014
MRS-048,,,,ARC-003,SWD-015
MRS-048,,,,ARC-003,SWD-016
MRS-048,,,,ARC-003,SWD-017
MRS-048,,,,ARC-003,SWD-018
MRS-049,SRS-060,,,,
MRS-049,,,,ARC-003,SWD-001
MRS-049,,,,ARC-003,SWD-002
MRS-049,,,,ARC-003,SWD-003
MRS-049,,,,ARC-003,SWD-004
MRS-049,,,,ARC-003,SWD-005
MRS-049,,,,ARC-003,SWD-006
MRS-049,,,,ARC-003,SWD-007
MRS-049,,,,ARC-003,SWD-008
MRS-049,,,,ARC-003,SWD-009
MRS-049,,,,ARC-003,SWD-010
MRS-049,,,,ARC-003,SWD-011
MRS-049,,,,ARC-003,SWD-012
MRS-049,,,,ARC-003,SWD-013
MRS-049,,,,ARC-003,SWD-014
MRS-049,,,,ARC-003,SWD-015
MRS-049,,,,ARC-003,SWD-016
MRS-049,,,,ARC-003,SWD-017
MRS-049,,,,ARC-003,SWD-018
MRS-050,SRS-060,,,,
MRS-050,,,,ARC-003,SWD-001
MRS-050,,,,ARC-003,SWD-002
MRS-050,,,,ARC-003,SWD-003
MRS-050,,,,ARC-003,SWD-004
MRS-050,,,,ARC-003,SWD-005
MRS-050,,,,ARC-003,SWD-006
MRS-050,,,,ARC-003,SWD-007
MRS-050,,,,ARC-003,SWD-008
MRS-050,,,,ARC-003,SWD-009
MRS-050,,,,ARC-003,SWD-010
MRS-050,,,,ARC-003,SWD-011
MRS-050,,,,ARC-003,SWD-012
MRS-050,,,,ARC-003,SWD-013
MRS-050,,,,ARC-003,SWD-014
MRS-050,,,,ARC-003,SWD-015
MRS-050,,,,ARC-003,SWD-016
MRS-050,,,,ARC-003,SWD-017
MRS-050,,,,ARC-003,SWD-018
MRS-051,SRS-060,,,,
MRS-051,,,,ARC-003,SWD-001
MRS-051,,,,ARC-003,SWD-002
MRS-051,,,,ARC-003,SWD-003
MRS-051,,,,ARC-003,SWD-004
MRS-051,,,,ARC-003,SWD-005
MRS-051,,,,ARC-003,SWD-006
MRS-051,,,,ARC-003,SWD-007
MRS-051,,,,ARC-003,SWD-008
MRS-051,,,,ARC-003,SWD-009
MRS-051,,,,ARC-003,SWD-010
MRS-051,,,,ARC-003,SWD-011
MRS-051,,,,ARC-003,SWD-012
MRS-051,,,,ARC-003,SWD-013
MRS-051,,,,ARC-003,SWD-014
MRS-051,,,,ARC-003,SWD-015
MRS-051,,,,ARC-003,SWD-016
MRS-051,,,,ARC-003,SWD-017
MRS-051,,,,ARC-003,SWD-018
MRS-052,SRS-060,,,,
MRS-052,,,,ARC-003,SWD-001
MRS-052,,,,ARC-003,SWD-002
MRS-052,,,,ARC-003,SWD-003
MRS-052,,,,ARC-003,SWD-004
MRS-052,,,,ARC-003,SWD-005
MRS-052,,,,ARC-003,SWD-006
MRS-052,,,,ARC-003,SWD-007
MRS-052,,,,ARC-003,SWD-008
MRS-052,,,,ARC-003,SWD-009
MRS-052,,,,ARC-003,SWD-010
MRS-052,,,,ARC-003,SWD-011
MRS-052,,,,ARC-003,SWD-012
MRS-052,,,,ARC-003,SWD-013
MRS-052,,,,ARC-003,SWD-014
MRS-052,,,,ARC-003,SWD-015
MRS-052,,,,ARC-003,SWD-016
MRS-052,,,,ARC-003,SWD-017
MRS-052,,,,ARC-003,SWD-018
MRS-053,SRS-003,TCS-003,TRP-003,,
MRS-053,SRS-004,TCS-004,TRP-004,,
MRS-053,SRS-044,TCS-033,TRP-033,,
MRS-053,SRS-045,TCS-034,TRP-034,,
MRS-053,,,,ARC-003,SWD-001
MRS-053,,,,ARC-003,SWD-002
MRS-053,,,,ARC-003,SWD-003
MRS-053,,,,ARC-003,SWD-004
MRS-053,,,,ARC-003,SWD-005
MRS-053,,,,ARC-003,SWD-006
MRS-053,,,,ARC-003,SWD-007
MRS-053,,,,ARC-003,SWD-008
MRS-053,,,,ARC-003,SWD-009
MRS-053,,,,ARC-003,SWD-010
MRS-053,,,,ARC-003,SWD-011
MRS-053,,,,ARC-003,SWD-012
MRS-053,,,,ARC-003,SWD-013
MRS-053,,,,ARC-003,SWD-014
MRS-053,,,,ARC-003,SWD-015
MRS-053,,,,ARC-003,SWD-016
MRS-053,,,,ARC-003,SWD-017
MRS-053,,,,ARC-003,SWD-018
MRS-054,SRS-050,TCS-091,TRP-094,,
MRS-054,SRS-051,TCS-091,TRP-094,,
MRS-054,SRS-052,TCS-091,TRP-094,,
MRS-054,,,,ARC-003,SWD-001
MRS-054,,,,ARC-003,SWD-002
MRS-054,,,,ARC-003,SWD-003
MRS-054,,,,ARC-003,SWD-004
MRS-054,,,,ARC-003,SWD-005
MRS-054,,,,ARC-003,SWD-006
MRS-054,,,,ARC-003,SWD-007
MRS-054,,,,ARC-003,SWD-008
MRS-054,,,,ARC-003,SWD-009
MRS-054,,,,ARC-003,SWD-010
MRS-054,,,,ARC-003,SWD-011
MRS-054,,,,ARC-003,SWD-012
MRS-054,,,,ARC-003,SWD-013
MRS-054,,,,ARC-003,SWD-014
MRS-054,,,,ARC-003,SWD-015
MRS-054,,,,ARC-003,SWD-016
MRS-054,,,,ARC-003,SWD-017
MRS-054,,,,ARC-003,SWD-018
MRS-055,SRS-003,TCS-003,TRP-003,,
MRS-055,SRS-004,TCS-004,TRP-004,,
MRS-055,SRS-044,TCS-033,TRP-033,,
MRS-055,SRS-045,TCS-034,TRP-034,,
MRS-055,,,,ARC-003,SWD-001
MRS-055,,,,ARC-003,SWD-002
MRS-055,,,,ARC-003,SWD-003
MRS-055,,,,ARC-003,SWD-004
MRS-055,,,,ARC-003,SWD-005
MRS-055,,,,ARC-003,SWD-006
MRS-055,,,,ARC-003,SWD-007
MRS-055,,,,ARC-003,SWD-008
MRS-055,,,,ARC-003,SWD-009
MRS-055,,,,ARC-003,SWD-010
MRS-055,,,,ARC-003,SWD-011
MRS-055,,,,ARC-003,SWD-012
MRS-055,,,,ARC-003,SWD-013
MRS-055,,,,ARC-003,SWD-014
MRS-055,,,,ARC-003,SWD-015
MRS-055,,,,ARC-003,SWD-016
MRS-055,,,,ARC-003,SWD-017
MRS-055,,,,ARC-003,SWD-018
MRS-056,SRS-059,,,,
MRS-056,,,,ARC-003,SWD-001
MRS-056,,,,ARC-003,SWD-002
MRS-056,,,,ARC-003,SWD-003
MRS-056,,,,ARC-003,SWD-004
MRS-056,,,,ARC-003,SWD-005
MRS-056,,,,ARC-003,SWD-006
MRS-056,,,,ARC-003,SWD-007
MRS-056,,,,ARC-003,SWD-008
MRS-056,,,,ARC-003,SWD-009
MRS-056,,,,ARC-003,SWD-010
MRS-056,,,,ARC-003,SWD-011
MRS-056,,,,ARC-003,SWD-012
MRS-056,,,,ARC-003,SWD-013
MRS-056,,,,ARC-003,SWD-014
MRS-056,,,,ARC-003,SWD-015
MRS-056,,,,ARC-003,SWD-016
MRS-056,,,,ARC-003,SWD-017
MRS-056,,,,ARC-003,SWD-018
MRS-056,,,,ARC-004,SWD-001
MRS-056,,,,ARC-004,SWD-002
MRS-056,,,,ARC-004,SWD-003
MRS-056,,,,ARC-004,SWD-004
MRS-056,,,,ARC-004,SWD-005
MRS-056,,,,ARC-004,SWD-006
MRS-056,,,,ARC-004,SWD-007
MRS-056,,,,ARC-004,SWD-008
MRS-056,,,,ARC-004,SWD-009
MRS-056,,,,ARC-004,SWD-010
MRS-056,,,,ARC-004,SWD-011
MRS-056,,,,ARC-004,SWD-012
MRS-056,,,,ARC-004,SWD-013
MRS-056,,,,ARC-004,SWD-014
MRS-056,,,,ARC-004,SWD-015
MRS-056,,,,ARC-004,SWD-016
MRS-057,SRS-059,,,,
MRS-057,,,,ARC-004,SWD-001
MRS-057,,,,ARC-004,SWD-002
MRS-057,,,,ARC-004,SWD-003
MRS-057,,,,ARC-004,SWD-004
MRS-057,,,,ARC-004,SWD-005
MRS-057,,,,ARC-004,SWD-006
MRS-057,,,,ARC-004,SWD-007
MRS-057,,,,ARC-004,SWD-008
MRS-057,,,,ARC-004,SWD-009
MRS-057,,,,ARC-004,SWD-010
MRS-057,,,,ARC-004,SWD-011
MRS-057,,,,ARC-004,SWD-012
MRS-057,,,,ARC-004,SWD-013
MRS-057,,,,ARC-004,SWD-014
MRS-057,,,,ARC-004,SWD-015
MRS-057,,,,ARC-004,SWD-016
MRS-058,SRS-061,,,,
MRS-058,,,,ARC-001,
MRS-058,,,,ARC-002,
MRS-058,,,,ARC-003,SWD-001
MRS-058,,,,ARC-003,SWD-002
MRS-058,,,,ARC-003,SWD-003
MRS-058,,,,ARC-003,SWD-004
MRS-058,,,,ARC-003,SWD-005
MRS-058,,,,ARC-003,SWD-006
MRS-058,,,,ARC-003,SWD-007
MRS-058,,,,ARC-003,SWD-008
MRS-058,,,,ARC-003,SWD-009
MRS-058,,,,ARC-003,SWD-010
MRS-058,,,,ARC-003,SWD-011
MRS-058,,,,ARC-003,SWD-012
MRS-058,,,,ARC-003,SWD-013
MRS-058,,,,ARC-003,SWD-014
MRS-058,,,,ARC-003,SWD-015
MRS-058,,,,ARC-003,SWD-016
MRS-058,,,,ARC-003,SWD-017
MRS-058,,,,ARC-003,SWD-018
MRS-058,,,,ARC-004,SWD-001
MRS-058,,,,ARC-004,SWD-002
MRS-058,,,,ARC-004,SWD-003
MRS-058,,,,ARC-004,SWD-004
MRS-058,,,,ARC-004,SWD-005
MRS-058,,,,ARC-004,SWD-006
MRS-058,,,,ARC-004,SWD-007
MRS-058,,,,ARC-004,SWD-008
MRS-058,,,,ARC-004,SWD-009
MRS-058,,,,ARC-004,SWD-010
MRS-058,,,,ARC-004,SWD-011
MRS-058,,,,ARC-004,SWD-012
MRS-058,,,,ARC-004,SWD-013
MRS-058,,,,ARC-004,SWD-014
MRS-058,,,,ARC-004,SWD-015
MRS-058,,,,ARC-004,SWD-016
MRS-058,,,,ARC-006,
MRS-058,,,,ARC-007,
MRS-058,,,,ARC-008,
MRS-058,,,,ARC-009,SWD-019
MRS-058,,,,ARC-009,SWD-020
MRS-058,,,,ARC-009,SWD-021
MRS-058,,,,ARC-009,SWD-022
MRS-058,,,,ARC-009,SWD-023
MRS-058,,,,ARC-009,SWD-024
MRS-058,,,,ARC-009,SWD-025
MRS-058,,,,ARC-009,SWD-026
MRS-058,,,,ARC-009,SWD-027
MRS-058,,,,ARC-010,
MRS-058,,,,ARC-011,
MRS-058,,,,ARC-012,
MRS-058,,,,ARC-020,
MRS-058,,,,ARC-021,
MRS-058,,,,ARC-022,
MRS-058,,,,ARC-023,
MRS-058,,,,ARC-024,
MRS-058,,,,ARC-025,
MRS-058,,,,ARC-026,
MRS-058,,,,ARC-027,
MRS-058,,,,ARC-028,
MRS-058,,,,ARC-029,
MRS-058,,,,ARC-030,
MRS-058,,,,ARC-031,
MRS-058,,,,ARC-032,
MRS-058,,,,ARC-033,
MRS-058,,,,ARC-034,
MRS-058,,,,ARC-035,
MRS-058,,,,ARC-036,
MRS-058,,,,ARC-037,
MRS-058,,,,ARC-038,
MRS-058,,,,ARC-039,
MRS-058,,,,ARC-040,
MRS-058,,,,ARC-041,
MRS-059,SRS-059,,,,
MRS-059,,,,ARC-004,SWD-001
MRS-059,,,,ARC-004,SWD-002
MRS-059,,,,ARC-004,SWD-003
MRS-059,,,,ARC-004,SWD-004
MRS-059,,,,ARC-004,SWD-005
MRS-059,,,,ARC-004,SWD-006
MRS-059,,,,ARC-004,SWD-007
MRS-059,,,,ARC-004,SWD-008
MRS-059,,,,ARC-004,SWD-009
MRS-059,,,,ARC-004,SWD-010
MRS-059,,,,ARC-004,SWD-011
MRS-059,,,,ARC-004,SWD-012
MRS-059,,,,ARC-004,SWD-013
MRS-059,,,,ARC-004,SWD-014
MRS-059,,,,ARC-004,SWD-015
MRS-059,,,,ARC-004,SWD-016
MRS-060,SRS-059,,,,
MRS-060,,,,ARC-004,SWD-001
MRS-060,,,,ARC-004,SWD-002
MRS-060,,,,ARC-004,SWD-003
MRS-060,,,,ARC-004,SWD-004
MRS-060,,,,ARC-004,SWD-005
MRS-060,,,,ARC-004,SWD-006
MRS-060,,,,ARC-004,SWD-007
MRS-060,,,,ARC-004,SWD-008
MRS-060,,,,ARC-004,SWD-009
MRS-060,,,,ARC-004,SWD-010
MRS-060,,,,ARC-004,SWD-011
MRS-060,,,,ARC-004,SWD-012
MRS-060,,,,ARC-004,SWD-013
MRS-060,,,,ARC-004,SWD-014
MRS-060,,,,ARC-004,SWD-015
MRS-060,,,,ARC-004,SWD-016
MRS-061,SRS-013,TCS-075,TRP-104,,
MRS-061,SRS-013,TCS-078,TRP-081,,
MRS-061,SRS-013,TCS-079,TRP-082,,
MRS-062,SRS-013,TCS-075,TRP-104,,
MRS-062,SRS-013,TCS-078,TRP-081,,
MRS-062,SRS-013,TCS-079,TRP-082,,
MRS-063,SRS-013,TCS-075,TRP-104,,
MRS-063,SRS-013,TCS-078,TRP-081,,
MRS-063,SRS-013,TCS-079,TRP-082,,
MRS-064,SRS-012,TCS-074,TRP-103,,
MRS-064,SRS-012,TCS-080,TRP-083,,
MRS-064,SRS-012,TCS-081,TRP-084,,
MRS-064,SRS-012,TCS-082,TRP-085,,
MRS-065,SRS-012,TCS-074,TRP-103,,
MRS-065,SRS-012,TCS-080,TRP-083,,
MRS-065,SRS-012,TCS-081,TRP-084,,
MRS-065,SRS-012,TCS-082,TRP-085,,
,,TCS-035,TRP-038,,
,,TCS-036,TRP-039,,
,,TCS-037,TRP-040,,
,,TCS-038,TRP-041,,
,,TCS-039,TRP-042,,
,,TCS-040,TRP-043,,
,,TCS-041,TRP-044,,
,,TCS-042,TRP-045,,
,,TCS-043,TRP-046,,
,,TCS-043,TRP-067,,
,,TCS-044,TRP-047,,
,,TCS-045,TRP-048,,
,,TCS-046,TRP-049,,
,,TCS-047,TRP-050,,
,,TCS-048,TRP-051,,
,,TCS-049,TRP-052,,
,,TCS-050,TRP-053,,
,,TCS-051,TRP-054,,
,,TCS-052,TRP-055,,
,,TCS-053,TRP-056,,
,,TCS-054,TRP-057,,
,,TCS-055,TRP-058,,
,,TCS-056,TRP-059,,
,,TCS-057,TRP-060,,
,,TCS-058,TRP-061,,
